id,time,datetime,LST_Day_1km
1,1609545600000,2021-01-02,40.910000000000025
2,1609632000000,2021-01-03,37.51000000000005
3,1609718400000,2021-01-04,39.39000000000004
7,1610064000000,2021-01-08,37.81
8,1610150400000,2021-01-09,44.85000000000002
10,1610323200000,2021-01-11,41.75000000000006
13,1610582400000,2021-01-14,31.250000000000057
22,1611360000000,2021-01-23,34.410000000000025
23,1611446400000,2021-01-24,31.07000000000005
24,1611532800000,2021-01-25,32.79000000000002
31,1612137600000,2021-02-01,36.43000000000001
36,1612569600000,2021-02-06,31.79000000000002
38,1612742400000,2021-02-08,36.39000000000004
40,1612915200000,2021-02-10,37.81
43,1613174400000,2021-02-13,33.85000000000002
47,1613520000000,2021-02-17,34.710000000000036
49,1613692800000,2021-02-19,36.710000000000036
50,1613779200000,2021-02-20,37.05000000000001
51,1613865600000,2021-02-21,36.55000000000001
54,1614124800000,2021-02-24,36.79000000000002
56,1614297600000,2021-02-26,36.370000000000005
65,1615075200000,2021-03-07,34.81
70,1615507200000,2021-03-12,33.13000000000005
72,1615680000000,2021-03-14,34.75000000000006
74,1615852800000,2021-03-16,35.870000000000005
78,1616198400000,2021-03-20,31.390000000000043
83,1616630400000,2021-03-25,32.29000000000002
86,1616889600000,2021-03-28,26.150000000000034
92,1617408000000,2021-04-03,29.250000000000057
95,1617667200000,2021-04-06,30.230000000000018
96,1617753600000,2021-04-07,31.970000000000027
97,1617840000000,2021-04-08,27.510000000000048
98,1617926400000,2021-04-09,31.850000000000023
100,1618099200000,2021-04-11,33.25000000000006
104,1618444800000,2021-04-15,29.870000000000005
109,1618876800000,2021-04-20,29.79000000000002
111,1619049600000,2021-04-22,29.07000000000005
112,1619136000000,2021-04-23,28.03000000000003
113,1619222400000,2021-04-24,29.590000000000032
115,1619395200000,2021-04-26,21.310000000000002
116,1619481600000,2021-04-27,25.07000000000005
118,1619654400000,2021-04-29,26.450000000000045
119,1619740800000,2021-04-30,17.750000000000057
120,1619827200000,2021-05-01,27.630000000000052
121,1619913600000,2021-05-02,27.870000000000005
122,1620000000000,2021-05-03,29.890000000000043
127,1620432000000,2021-05-08,21.890000000000043
128,1620518400000,2021-05-09,18.510000000000048
129,1620604800000,2021-05-10,24.970000000000027
131,1620777600000,2021-05-12,19.970000000000027
132,1620864000000,2021-05-13,19.930000000000007
137,1621296000000,2021-05-18,20.390000000000043
143,1621814400000,2021-05-24,17.29000000000002
144,1621900800000,2021-05-25,18.010000000000048
145,1621987200000,2021-05-26,18.57000000000005
146,1622073600000,2021-05-27,19.57000000000005
148,1622246400000,2021-05-29,20.27000000000004
150,1622419200000,2021-05-31,15.710000000000036
153,1622678400000,2021-06-03,13.57000000000005
154,1622764800000,2021-06-04,21.630000000000052
155,1622851200000,2021-06-05,26.79000000000002
163,1623542400000,2021-06-13,17.630000000000052
164,1623628800000,2021-06-14,19.950000000000045
175,1624579200000,2021-06-25,18.710000000000036
182,1625184000000,2021-07-02,17.170000000000016
187,1625616000000,2021-07-07,21.410000000000025
189,1625788800000,2021-07-09,19.470000000000027
198,1626566400000,2021-07-18,13.430000000000007
200,1626739200000,2021-07-20,14.630000000000052
201,1626825600000,2021-07-21,15.630000000000052
202,1626912000000,2021-07-22,16.710000000000036
203,1626998400000,2021-07-23,21.590000000000032
205,1627171200000,2021-07-25,24.190000000000055
209,1627516800000,2021-07-29,11.050000000000011
210,1627603200000,2021-07-30,14.57000000000005
211,1627689600000,2021-07-31,16.950000000000045
212,1627776000000,2021-08-01,19.130000000000052
214,1627948800000,2021-08-03,19.390000000000043
218,1628294400000,2021-08-07,23.57000000000005
219,1628380800000,2021-08-08,26.49000000000001
225,1628899200000,2021-08-14,23.29000000000002
230,1629331200000,2021-08-19,28.150000000000034
239,1630108800000,2021-08-28,23.150000000000034
240,1630195200000,2021-08-29,24.930000000000007
241,1630281600000,2021-08-30,27.910000000000025
242,1630368000000,2021-08-31,29.57000000000005
251,1631145600000,2021-09-09,23.150000000000034
254,1631404800000,2021-09-12,22.670000000000016
257,1631664000000,2021-09-15,25.210000000000036
267,1632528000000,2021-09-25,28.350000000000023
268,1632614400000,2021-09-26,30.470000000000027
269,1632700800000,2021-09-27,33.950000000000045
274,1633132800000,2021-10-02,29.03000000000003
277,1633392000000,2021-10-05,28.230000000000018
278,1633478400000,2021-10-06,27.450000000000045
291,1634601600000,2021-10-19,33.170000000000016
292,1634688000000,2021-10-20,29.710000000000036
293,1634774400000,2021-10-21,31.230000000000018
294,1634860800000,2021-10-22,34.450000000000045
296,1635033600000,2021-10-24,31.650000000000034
297,1635120000000,2021-10-25,33.110000000000014
298,1635206400000,2021-10-26,38.59000000000003
299,1635292800000,2021-10-27,39.370000000000005
300,1635379200000,2021-10-28,36.99000000000001
301,1635465600000,2021-10-29,35.89000000000004
303,1635638400000,2021-10-31,34.81
304,1635724800000,2021-11-01,33.63000000000005
305,1635811200000,2021-11-02,40.05000000000001
308,1636070400000,2021-11-05,33.110000000000014
313,1636502400000,2021-11-10,28.77000000000004
314,1636588800000,2021-11-11,31.83000000000004
316,1636761600000,2021-11-13,35.47000000000003
317,1636848000000,2021-11-14,37.29000000000002
323,1637366400000,2021-11-20,37.370000000000005
324,1637452800000,2021-11-21,39.610000000000014
327,1637712000000,2021-11-24,35.110000000000014
333,1638230400000,2021-11-30,30.310000000000002
337,1638576000000,2021-12-04,38.29000000000002
345,1639267200000,2021-12-12,36.29000000000002
352,1639872000000,2021-12-19,34.51000000000005
353,1639958400000,2021-12-20,41.77000000000004
356,1640217600000,2021-12-23,37.03000000000003
357,1640304000000,2021-12-24,33.09000000000003
358,1640390400000,2021-12-25,40.190000000000055
360,1640563200000,2021-12-27,40.25000000000006
362,1640736000000,2021-12-29,38.79000000000002
363,1640822400000,2021-12-30,39.59000000000003
